EpRet,EpLen,LossQ,Q1Vals,Q2Vals,LossPi,LogPi,TestEpRet,TestEpLen,Epoch,Total_Steps
-5.516253118622981,16,8.31434154510498,15.492443,15.342949,-16.831804275512695,-6.7894816,-5.301173629393946,48,1,3999
-7.828750801728275,12,15.792219161987305,20.99577,21.493227,-22.5142822265625,-5.932771,-43.66164860315695,586,2,7999
-81.04275718235327,916,16.136884689331055,22.933205,23.327465,-24.846147537231445,-4.9496436,-5.811756876566432,65,3,11999
-54.38892957267234,1000,12.629656791687012,30.293613,29.787687,-30.815736770629883,-3.6029212,-42.102221260192664,1000,4,15999
-22.79247428945488,1000,15.203879356384277,36.13666,35.451485,-36.74485397338867,-3.8008146,-35.40401065678146,1000,5,19999
0.3138694485970517,1000,12.097209930419922,40.771347,40.904675,-41.84370422363281,-3.605081,-6.750122859536189,1000,6,23999
15.069006328104532,389,12.511772155761719,43.61521,43.639492,-45.076175689697266,-2.7123802,38.997692616046784,1000,7,27999
21.178937527241327,1000,13.90004825592041,45.87751,45.95658,-47.70616912841797,-3.3196607,65.29425012630327,1000,8,31999
51.857702012768506,1000,18.073078155517578,52.45745,51.836117,-53.530799865722656,-3.111208,82.5734099773153,1000,9,35999
81.18320083170613,1000,14.722752571105957,54.632835,54.37339,-55.34153366088867,-2.6793308,95.49356313449988,1000,10,39999
81.57529656570068,1000,19.56403350830078,56.64259,56.579693,-56.94915771484375,-3.0273275,133.03751150624967,1000,11,43999
140.9605021321085,1000,49.26555633544922,61.11945,60.706764,-61.82991027832031,-2.9295292,123.25226718722068,1000,12,47999
194.57701448536903,1000,11.112373352050781,61.235,61.063774,-62.09579849243164,-2.6471524,196.7549405569486,1000,13,51999
248.53173385864372,1000,10.271390914916992,65.093216,65.09957,-66.27525329589844,-3.446365,191.95320881242475,1000,14,55999
237.55586695040105,1000,18.898035049438477,64.77998,63.836372,-65.1129379272461,-2.9175444,213.17226071093557,1000,15,59999
295.715613597247,1000,21.159584045410156,66.339836,66.36955,-67.75763702392578,-2.2585094,281.9114689740579,1000,16,63999
356.1424042299485,1000,11.8764066696167,72.82439,72.39792,-73.4071273803711,-2.5018804,295.1033309582841,839,17,67999
344.0716745764891,1000,12.792997360229492,74.10657,74.17496,-74.93917846679688,-2.6102953,372.4501612736966,1000,18,71999
380.6006422185728,1000,15.777020454406738,75.17458,75.36165,-76.59178161621094,-2.7129717,231.95988589309653,504,19,75999
447.39792879447407,1000,12.204741477966309,77.98236,78.180084,-79.465087890625,-1.47648,251.02302720612104,575,20,79999
484.60638380555116,1000,12.143179893493652,78.63162,78.93768,-79.62051391601562,-2.230596,490.0422537377348,1000,21,83999
489.1013241042406,1000,11.69675350189209,80.51749,80.69861,-81.68901824951172,-2.4073002,509.70182190850056,1000,22,87999
525.2878205352453,1000,15.938720703125,78.9777,78.88452,-80.27320098876953,-2.0874314,492.9504858653187,1000,23,91999
525.0763528358762,1000,14.321172714233398,84.43987,83.923035,-84.78794860839844,-1.5602702,574.0113881537682,1000,24,95999
540.3835822117255,1000,17.06478500366211,81.41139,81.36977,-82.45940399169922,-2.153552,500.3069838481386,1000,25,99999
561.1358715558305,1000,16.78201675415039,80.19538,80.05262,-81.07249450683594,-1.9071373,558.013043082594,1000,26,103999
565.5377583088926,1000,11.006574630737305,82.942314,82.47605,-83.67598724365234,-1.4776684,557.6225504326145,1000,27,107999
580.8807922211472,1000,11.952276229858398,81.90858,82.07489,-83.05805206298828,-1.5495415,565.384638573015,1000,28,111999
558.2311957743441,1000,10.68994140625,80.329025,80.32724,-81.26116180419922,-1.6351786,580.1079310807355,1000,29,115999
610.9688313375101,1000,11.036459922790527,81.558304,81.26407,-82.46188354492188,-1.6116576,559.715045690555,934,30,119999
584.5291392511308,1000,10.314596176147461,82.3585,82.035446,-83.4867935180664,-1.6296955,613.5877715233117,1000,31,123999
601.952075198225,1000,11.010738372802734,81.9122,81.59118,-83.24299621582031,-1.9306016,600.0439093577122,1000,32,127999
620.3141955821504,1000,7.6174468994140625,82.931564,83.59748,-84.10520935058594,-1.9498215,637.7500480874211,1000,33,131999
613.3311899976426,1000,8.006752014160156,82.46027,82.186806,-83.27843475341797,-1.455949,611.830659333653,1000,34,135999
634.0558692436907,1000,7.309831619262695,82.07965,82.209015,-82.84767150878906,-2.3052273,642.1024586327676,1000,35,139999
617.3988426513156,1000,8.89556884765625,77.32253,77.63547,-78.59587097167969,-2.0611908,626.2115725907098,1000,36,143999
609.5225930273381,1000,11.023683547973633,78.80947,78.833275,-79.51663970947266,-1.5653154,646.6189700822397,1000,37,147999
645.0783851680106,1000,9.033409118652344,77.86695,77.47544,-78.88227081298828,-2.18474,634.7689242367699,1000,38,151999
638.5782707453277,1000,6.813093662261963,80.69986,80.29273,-80.88754272460938,-1.8453728,644.615870003703,1000,39,155999
636.5186687450896,1000,8.193111419677734,77.86261,78.03717,-78.84364318847656,-2.0415773,657.9117559750308,1000,40,159999
638.6243244920942,1000,8.834795951843262,78.356415,78.39949,-79.4350357055664,-2.1183362,622.3433314421742,1000,41,163999
643.1981017260803,1000,6.4746904373168945,80.86771,80.35933,-81.30377960205078,-2.225832,658.2264281068115,1000,42,167999
648.1052745321944,1000,7.6939287185668945,79.56814,79.13026,-80.47216796875,-1.7174017,650.5158089142122,1000,43,171999
651.9902694353598,1000,6.5382513999938965,82.08767,82.13709,-83.1518325805664,-2.0996766,639.9678342014736,1000,44,175999
655.4718001245595,1000,5.267253875732422,78.46695,79.34586,-80.18915557861328,-1.3864913,679.1007088201317,1000,45,179999
634.8189356301723,1000,8.062515258789062,80.62419,80.76927,-81.62954711914062,-2.5083468,668.1082137325853,1000,46,183999
643.699774256708,1000,5.74775505065918,81.55149,81.1673,-82.78156280517578,-1.3853639,640.0110209901825,1000,47,187999
668.9482755299509,1000,8.000614166259766,79.82276,79.2893,-81.13018035888672,-1.9061486,664.5644102530167,1000,48,191999
666.519518199452,1000,8.548891067504883,79.80323,79.4913,-80.75286102294922,-2.092277,672.0636296925318,1000,49,195999
657.3666674025093,1000,7.374682903289795,82.70127,82.80134,-83.41941833496094,-1.7053251,663.6078372339498,1000,50,199999
665.6034057360357,1000,5.282768249511719,81.268654,81.20642,-82.07083892822266,-2.2719364,663.9570926903983,1000,51,203999
661.0556799194139,1000,11.034727096557617,80.59992,80.82784,-81.92189025878906,-2.5086555,643.8826913284735,1000,52,207999
677.2242104888888,1000,8.23514175415039,84.15015,84.42377,-84.95441436767578,-2.1497047,655.7144984302165,1000,53,211999
664.4103989403002,1000,5.115602493286133,85.6538,85.95472,-86.17803192138672,-2.2863517,645.4312674206229,1000,54,215999
678.1314120982822,1000,11.620335578918457,80.35319,80.18698,-81.08537292480469,-2.1374564,680.491880411634,1000,55,219999
669.4585709038898,1000,6.423405647277832,82.70352,82.85337,-83.521240234375,-2.4442563,673.0507417374324,1000,56,223999
672.7775467737654,1000,6.6723456382751465,82.48477,82.31802,-84.43892669677734,-2.1995695,676.8058080142098,1000,57,227999
663.6317578377527,1000,5.7653608322143555,85.10596,84.9834,-86.30105590820312,-2.4236562,653.489109853536,1000,58,231999
673.1533447141562,1000,10.043142318725586,84.072655,84.12354,-85.2550277709961,-2.1874087,651.755429483094,1000,59,235999
681.7148986102977,1000,6.243101119995117,82.21272,82.122696,-83.83814239501953,-1.808217,658.8278848913791,1000,60,239999
662.620641758809,1000,5.368020057678223,85.55178,85.31692,-85.92710876464844,-1.8565656,694.3437286483359,1000,61,243999
672.5603733471431,1000,6.210179328918457,85.05379,85.17099,-86.00214385986328,-2.044383,684.1661784981168,1000,62,247999
671.1158003664998,1000,3.50045108795166,87.358604,87.03436,-87.84695434570312,-2.5966167,675.276192596427,1000,63,251999
670.999879631569,1000,6.954596519470215,85.57642,85.6881,-86.88868713378906,-2.4952111,684.4363455033356,1000,64,255999
675.2919884546283,1000,6.106145858764648,86.43499,86.50356,-87.16864776611328,-2.1297295,684.3118889874393,1000,65,259999
686.2280366185222,1000,6.451794624328613,85.110306,85.106544,-86.22074127197266,-2.506586,675.7005599943604,1000,66,263999
688.4628566218954,1000,3.629939079284668,88.86418,88.90419,-89.68363189697266,-2.0591738,680.7551378929921,1000,67,267999
675.2746745460246,1000,5.739563941955566,87.366745,87.405945,-88.65447998046875,-3.0183709,695.0048835238373,1000,68,271999
703.7414447134914,1000,6.050991535186768,86.23979,86.362724,-87.4095687866211,-2.9955256,671.9010500062228,1000,69,275999
683.0981529999896,1000,6.42081356048584,87.48696,87.626465,-88.12873077392578,-2.4456434,660.7711358880684,1000,70,279999
690.2647644831641,1000,3.9555625915527344,88.81107,88.79417,-89.66944885253906,-3.0433953,689.6832924386733,1000,71,283999
680.49445491446,1000,14.607575416564941,87.74038,87.87043,-88.69860076904297,-2.4214895,668.1684281939084,1000,72,287999
688.9110980532406,1000,11.545513153076172,87.49523,87.40957,-87.8694839477539,-3.4189854,670.8855235825902,1000,73,291999
694.5491059299692,1000,5.469707489013672,88.55666,88.63435,-89.27113342285156,-2.8795679,682.1482873621278,1000,74,295999
690.4843582885759,1000,6.350776672363281,86.52261,86.39121,-87.42896270751953,-1.9629565,700.1484154724134,1000,75,299999
702.4944056868267,1000,4.807426452636719,89.84051,90.01081,-90.64959716796875,-2.3520794,700.9305663678812,1000,76,303999
692.6844366027514,1000,7.61873197555542,85.30627,85.450745,-87.11984252929688,-2.8816297,682.099670097192,1000,77,307999
678.9495147426919,1000,9.17080307006836,85.74399,85.78331,-86.74520111083984,-2.9405093,694.5859908145023,1000,78,311999
695.180574501982,1000,5.2184929847717285,89.25918,89.406425,-89.82135772705078,-2.6165316,679.2860552025728,1000,79,315999
696.0651853376156,1000,3.9706833362579346,89.35966,89.21755,-90.31092834472656,-2.1786244,698.7608936016861,1000,80,319999
700.8253906589634,1000,4.602331161499023,91.13976,91.12325,-91.70536041259766,-2.7009988,680.7017086084688,1000,81,323999
696.8704884636824,1000,5.20766544342041,89.81687,90.01263,-90.56553649902344,-2.2006013,694.2022422293884,1000,82,327999
694.0832692990242,1000,5.97900915145874,89.46318,89.554344,-89.9019775390625,-2.7496817,687.4136458170121,1000,83,331999
690.9432955059327,1000,4.701135635375977,89.053314,89.31658,-89.92475128173828,-2.2577133,693.592404615676,1000,84,335999
707.6859058824349,1000,7.880236625671387,88.905716,89.064545,-90.3172836303711,-2.40192,703.7442156093815,1000,85,339999
696.8233647337224,1000,8.049427032470703,85.70102,85.29258,-86.67526245117188,-2.6880865,709.8545111373658,1000,86,343999
696.6245725736176,1000,10.27124309539795,89.16191,89.25792,-90.58130645751953,-3.2058744,706.7654175214952,1000,87,347999
693.2535308332849,1000,4.799034118652344,89.68735,89.3962,-90.04806518554688,-2.718236,698.2737121524409,1000,88,351999
698.8731327008761,1000,8.22270679473877,88.95437,89.1831,-89.64286041259766,-2.9733589,707.5769036935676,1000,89,355999
694.577557197661,1000,6.625392913818359,90.26375,90.051476,-91.00617218017578,-2.4968157,708.6330364033104,1000,90,359999
704.0385091105916,1000,9.277043342590332,88.17847,88.49676,-89.3964614868164,-2.7818928,703.6602851240704,1000,91,363999
714.2190032244752,1000,7.6346940994262695,86.737206,86.76025,-87.93460845947266,-1.8914146,698.7243902834427,1000,92,367999
710.4056070734464,1000,3.220503807067871,91.49363,91.564865,-91.98367309570312,-2.5723503,719.9074193456561,1000,93,371999
698.6363169672305,1000,4.3709940910339355,88.98806,89.06891,-89.95658874511719,-2.4155688,710.8954911320425,1000,94,375999
701.7983610525355,1000,4.6136932373046875,91.37426,91.3948,-92.00059509277344,-2.7863834,703.4342717355725,1000,95,379999
706.9455190025744,1000,3.931661367416382,89.65354,89.63744,-90.78888702392578,-2.9419894,723.7519776388308,1000,96,383999
719.2791623850526,1000,4.27996826171875,88.549065,88.348145,-89.68962860107422,-2.2349415,702.8328938742155,1000,97,387999
711.3396033565323,1000,5.476637840270996,89.75855,89.54834,-90.89212799072266,-2.1135695,701.2258343250119,1000,98,391999
708.1536952923102,1000,5.643380641937256,89.92557,89.636894,-90.30247497558594,-3.0549414,702.7941947196928,1000,99,395999
722.6626948924307,1000,5.824707508087158,90.27794,89.93536,-91.0143814086914,-2.6192014,727.3535632688266,1000,100,399999
716.789051208329,1000,5.253962516784668,88.84121,88.97443,-89.68004608154297,-2.7015734,701.7964291857,1000,101,403999
720.4542028793426,1000,4.613830089569092,88.83978,89.17556,-89.65374755859375,-2.2695076,717.755985804945,1000,102,407999
720.0396996521262,1000,5.116401672363281,91.51447,91.3842,-92.10093688964844,-2.921295,727.1712238490484,1000,103,411999
712.2890948614112,1000,6.012328147888184,89.42549,89.47769,-91.02113342285156,-2.6647537,718.0934028437755,1000,104,415999
723.7204123582636,1000,4.904965400695801,91.373405,91.32669,-92.1900863647461,-2.8646476,711.3080342278699,1000,105,419999
727.6867409488932,1000,4.637777328491211,90.98285,90.59079,-91.23282623291016,-2.9756196,709.6607580953636,1000,106,423999
718.6278866291614,1000,7.907861232757568,90.39384,90.50715,-91.46842193603516,-2.623086,722.1491293502617,1000,107,427999
666.3288785294825,946,8.139856338500977,89.25839,89.48084,-90.10334014892578,-2.8840594,735.3613266583116,1000,108,431999
721.3394981774197,1000,5.379616737365723,90.71198,90.498634,-91.68758392333984,-2.9342499,723.5314867232696,1000,109,435999
718.9956247589126,1000,3.616713762283325,92.81607,92.84624,-93.66353607177734,-2.94956,720.4927660438958,1000,110,439999
738.8942022519865,1000,5.567499160766602,90.88166,90.8352,-91.31937408447266,-2.7782214,731.4420490530059,1000,111,443999
735.595249167812,1000,3.9291114807128906,92.3443,92.358025,-92.953857421875,-2.9779468,710.9590266660952,1000,112,447999
711.1050565287015,1000,2.676760196685791,90.83088,90.74794,-91.79259490966797,-3.0741723,717.3234848667257,1000,113,451999
734.1427755165665,1000,6.555031776428223,91.97546,92.23386,-92.70240783691406,-3.0415962,711.5666679811605,1000,114,455999
708.6807652227179,1000,3.9549715518951416,92.40667,92.25958,-93.2626724243164,-3.1924992,734.9161706283678,1000,115,459999
730.3249260086311,1000,5.7711358070373535,89.867035,89.79488,-90.89868927001953,-3.2174802,720.4860281429295,1000,116,463999
725.3595511779868,1000,5.47016716003418,91.409874,91.45239,-92.2890625,-3.192544,719.4140629905542,1000,117,467999
723.7843063142861,1000,4.033493995666504,93.049675,93.10092,-93.6589126586914,-3.2316883,739.9847164495856,1000,118,471999
731.9555580864505,1000,5.077872276306152,90.278275,90.460556,-91.57720184326172,-2.558133,731.6811370403948,1000,119,475999
739.9490185026739,1000,12.172891616821289,91.19201,90.85792,-91.61940002441406,-2.6255078,729.3761838711545,1000,120,479999
729.0612467290381,1000,10.935282707214355,90.0417,90.195076,-91.3602066040039,-2.2724972,723.1882274946009,1000,121,483999
736.8511048394788,1000,5.942367076873779,92.8511,92.745804,-93.58402252197266,-3.2794607,731.7310520209329,1000,122,487999
725.2342146690414,1000,5.488626480102539,92.62372,92.45438,-93.24392700195312,-3.2243667,727.018669807261,1000,123,491999
737.0521406101791,1000,2.6159186363220215,92.938644,92.86319,-93.95215606689453,-3.188458,736.9780138952021,1000,124,495999
737.7466213206418,1000,3.609379768371582,92.076096,92.17579,-93.12702941894531,-3.336438,729.9817283156441,1000,125,499999
731.5105264420781,1000,3.732029438018799,91.26577,91.411644,-92.64391326904297,-3.1859345,733.8433408464726,1000,126,503999
730.2542331927989,1000,4.410078525543213,92.27088,92.501976,-92.8671875,-3.1470144,726.9866073556107,1000,127,507999
729.0996112493564,1000,3.3418145179748535,93.22361,93.2108,-94.04074096679688,-3.5625963,740.3982157992097,1000,128,511999
743.0014682538458,1000,2.5942721366882324,92.76119,92.71377,-93.58255767822266,-2.5167813,730.7924097979345,1000,129,515999
740.5718835036532,1000,5.374719619750977,91.851944,92.01241,-92.87779998779297,-3.0112922,724.8300220309441,1000,130,519999
720.3121892701727,1000,3.0995047092437744,94.61328,94.41535,-95.66603088378906,-3.1961489,748.9186330312888,1000,131,523999
727.9201434834273,1000,3.7772016525268555,91.89498,92.047226,-93.025634765625,-2.89917,728.0440073256899,1000,132,527999
735.1618233423092,1000,3.1767144203186035,94.30862,94.278496,-95.1595458984375,-3.35899,731.9707709152458,1000,133,531999
735.8061372602704,1000,4.609911918640137,92.88725,92.74422,-93.62828063964844,-3.4586093,758.9808982868437,1000,134,535999
737.0099370423571,1000,5.016351222991943,92.73298,92.46689,-93.55364227294922,-2.9055707,738.8987796623161,1000,135,539999
738.9282221346283,1000,2.9385733604431152,94.84416,94.81666,-95.78121948242188,-3.9375107,745.4730974156831,1000,136,543999
740.6278473238867,1000,5.823899745941162,92.309364,92.44113,-93.53611755371094,-3.267091,741.068309265299,1000,137,547999
744.6525091594773,1000,3.9238085746765137,91.83274,91.802444,-92.54866027832031,-3.2895486,744.7097705913745,1000,138,551999
740.8250887406749,1000,3.724344253540039,93.2705,93.25241,-94.68089294433594,-2.6707547,744.5452295827635,1000,139,555999
755.8908531444741,1000,4.844346523284912,92.749535,92.63117,-93.59703063964844,-3.283501,739.3960244712729,1000,140,559999
746.186322845442,1000,5.160822868347168,93.74893,94.11453,-94.94465637207031,-3.4029171,741.9460186973379,1000,141,563999
744.1462919099937,1000,5.632722854614258,92.034225,92.14519,-93.3092041015625,-3.026283,732.7416501546609,1000,142,567999
734.367436594959,1000,2.248786449432373,94.90497,94.85362,-95.56224060058594,-3.9605558,731.8593075135988,1000,143,571999
736.7362561479252,1000,3.900184154510498,92.95322,93.11245,-94.14138793945312,-3.463394,753.9333284921512,1000,144,575999
747.9007318246508,1000,2.5459773540496826,93.65433,93.70156,-94.47515106201172,-2.9572012,721.6341912261728,1000,145,579999
746.1599684349103,1000,3.1138052940368652,93.70298,93.58675,-94.42899322509766,-3.3626816,744.9390706128876,1000,146,583999
741.5764321492305,1000,6.190072059631348,92.70902,92.75812,-93.67855072021484,-3.1322618,750.6535845511323,1000,147,587999
744.2182949348833,1000,2.6785011291503906,94.17385,93.960724,-94.97332000732422,-3.0179772,746.0934932612488,1000,148,591999
744.7730597721475,1000,4.740475654602051,93.9231,94.08538,-94.71436309814453,-3.0469894,743.2277709038394,1000,149,595999
741.907037550861,1000,4.034074783325195,95.229095,95.17833,-95.94536590576172,-3.283534,752.4860249454183,1000,150,599999
746.4737560175338,1000,2.3824167251586914,94.301346,94.46184,-95.41120910644531,-2.5591204,740.9556746810478,1000,151,603999
756.342066010942,1000,6.628754615783691,92.36569,92.31146,-93.85636138916016,-3.49062,756.8695036764794,1000,152,607999
747.8094855548838,1000,4.383111953735352,92.026566,91.83044,-92.84850311279297,-2.512584,747.9495817701372,1000,153,611999
739.4707815625916,1000,5.129918575286865,92.53886,92.55699,-93.3580322265625,-3.382843,745.0547296507739,1000,154,615999
753.6606329233844,1000,3.5775718688964844,95.62285,95.849724,-96.62548828125,-3.0937278,745.8783931486008,1000,155,619999
742.7046473105385,1000,3.8097872734069824,93.42027,93.6767,-94.82495880126953,-3.3449159,748.6389464897447,1000,156,623999
756.3857330280514,1000,5.136018753051758,93.16869,93.161415,-94.32838439941406,-3.1506994,745.497715793762,1000,157,627999
753.8150754160853,1000,3.7508187294006348,95.47203,95.44535,-96.03345489501953,-2.923487,733.5401189744007,1000,158,631999
749.247569511707,1000,4.937524318695068,93.48027,93.09495,-94.2914810180664,-3.0212684,742.5685726239021,1000,159,635999
756.5574134223256,1000,4.2391557693481445,95.61777,95.69535,-96.52469635009766,-2.6133292,758.327672470761,1000,160,639999
744.3834149232023,1000,3.5491743087768555,95.08607,94.89426,-95.9522933959961,-2.995365,751.5453039657486,1000,161,643999
749.3214516349794,1000,2.820809841156006,95.56309,95.56028,-96.28702545166016,-3.1303382,754.6551800135235,1000,162,647999
750.2037120603422,1000,3.7499125003814697,94.33905,94.48839,-95.27181243896484,-3.5992944,758.3314794774814,1000,163,651999
755.5847809707761,1000,4.717635631561279,94.761765,94.52568,-95.584716796875,-3.1140616,743.4652858735024,1000,164,655999
752.9147667569276,1000,2.869389295578003,95.599915,95.9207,-96.29551696777344,-3.0134666,760.8698658898672,1000,165,659999
756.0692202925883,1000,5.355263710021973,94.252235,93.64345,-94.67634582519531,-3.4004529,763.5790044276707,1000,166,663999
749.1619967049724,1000,3.7114884853363037,92.82953,92.84379,-94.12083435058594,-3.0287638,750.3736141936723,1000,167,667999
757.4708263361548,1000,3.794680118560791,95.28344,95.196815,-96.14411926269531,-3.093136,758.9602161698573,1000,168,671999
762.4752134839457,1000,3.367736339569092,93.36197,93.15312,-94.57129669189453,-2.3662913,760.0113013172366,1000,169,675999
756.3044549362353,1000,2.396648406982422,94.90973,95.020256,-96.07893371582031,-3.291626,779.9483444893937,1000,170,679999
262.0998052096687,369,5.578120231628418,94.43247,94.61244,-95.2906265258789,-3.3105469,761.4742351528904,1000,171,683999
759.0924915738685,1000,3.3686132431030273,94.504745,94.21621,-95.76346588134766,-3.228059,759.3335599865732,1000,172,687999
749.9066905929462,1000,7.00916862487793,95.14934,94.83487,-95.93183135986328,-3.2642887,749.3296811847822,1000,173,691999
756.1088887398581,1000,2.9670329093933105,95.696266,95.706635,-96.36656188964844,-3.570974,758.9113496488839,1000,174,695999
760.6342938006683,1000,9.46145248413086,94.8801,95.13967,-96.01386260986328,-3.0829055,762.5597729764976,1000,175,699999
775.6198148854467,1000,5.971299171447754,94.96568,94.92323,-95.9791030883789,-3.2022576,774.2315212306524,1000,176,703999
760.3420516456943,1000,4.617626667022705,95.03403,95.24161,-96.0480728149414,-3.1240344,748.8383008442495,1000,177,707999
752.1348760063615,1000,7.553040981292725,94.158966,94.12128,-95.21290588378906,-2.928743,754.8343454705049,1000,178,711999
762.4145200670993,1000,8.225695610046387,93.930916,93.62817,-94.73941802978516,-3.2062967,764.5162796046145,1000,179,715999
759.2239627040216,1000,3.1521058082580566,94.82592,94.62429,-95.61097717285156,-3.3657327,768.5504792371491,1000,180,719999
755.949654422396,1000,4.122250556945801,95.251015,95.388084,-96.22273254394531,-3.1858246,764.4419051590291,1000,181,723999
762.6826654615537,1000,3.925122022628784,93.98799,93.890205,-94.75897979736328,-3.5191545,753.0578639627707,1000,182,727999
755.1048032307298,1000,8.700859069824219,93.48423,93.375145,-94.27366638183594,-3.1006677,755.6007691395833,1000,183,731999
757.5987411978202,1000,2.834040641784668,94.96491,94.74371,-95.81700134277344,-3.1451783,756.3006897186154,1000,184,735999
759.1619881354984,1000,2.7564051151275635,94.76996,94.82408,-95.69680786132812,-3.5195136,760.6469232421714,1000,185,739999
765.3568784680547,1000,2.9705123901367188,95.19521,95.11463,-95.82952117919922,-3.6762888,757.0721418457076,1000,186,743999
758.6870167021754,1000,2.9879298210144043,95.26094,95.221794,-96.54747009277344,-3.3935702,755.7819390118251,1000,187,747999
769.5142237974578,1000,4.857366561889648,94.67656,94.52798,-95.53443908691406,-3.3265984,757.5577279901519,1000,188,751999
773.1869343342241,1000,2.3026957511901855,95.70481,95.669044,-96.77365112304688,-3.678647,760.086272397342,1000,189,755999
770.4229841979055,1000,10.085259437561035,95.02943,94.74119,-95.84378051757812,-3.471856,759.7863415263733,1000,190,759999
755.3498280294507,1000,3.7667670249938965,95.58622,95.53037,-96.25772857666016,-3.0904238,767.3318379572617,1000,191,763999
766.1826600668746,1000,3.2951602935791016,94.92966,94.80091,-96.10081481933594,-3.908794,752.0008240557764,1000,192,767999
771.4272417625119,1000,3.0013861656188965,95.53474,95.71801,-96.4129867553711,-3.7061837,764.8548574760181,1000,193,771999
766.7146317596032,1000,5.203829765319824,94.34343,94.37022,-95.61005401611328,-2.914251,759.46077192927,1000,194,775999
758.4870963941767,1000,3.1903724670410156,95.0407,95.0849,-96.04093170166016,-2.967663,755.4996039754357,1000,195,779999
766.4966648487706,1000,3.674765110015869,94.3279,94.15164,-95.40142059326172,-3.4118433,768.3899539056642,1000,196,783999
765.4839070330054,1000,4.625232219696045,95.56927,95.379295,-96.42757415771484,-3.1100962,768.4910448776772,1000,197,787999
760.4043931592856,1000,3.1883833408355713,95.93359,96.10258,-96.78032684326172,-3.4219449,768.9342085126068,1000,198,791999
766.1642545993994,1000,3.3099846839904785,97.60525,97.649284,-98.1578369140625,-3.798571,777.7190420907152,1000,199,795999
778.302551144406,1000,5.919476509094238,94.61517,94.285255,-95.70138549804688,-2.7093647,769.7600356447662,1000,200,799999
756.8831250843588,1000,8.619335174560547,93.83389,93.257744,-94.50126647949219,-3.3233032,769.1555852017631,1000,201,803999
764.1031495522351,1000,3.5436744689941406,95.9451,96.06236,-96.90408325195312,-3.3180108,755.8394717094613,1000,202,807999
763.0228388008932,1000,1.840399980545044,95.424835,95.388664,-96.24947357177734,-3.2832022,763.1277329164651,1000,203,811999
757.5871800062981,1000,3.412924289703369,95.63099,95.64043,-96.46587371826172,-3.2005775,771.3669951516465,1000,204,815999
757.4403840273466,1000,7.916050910949707,93.56205,93.572845,-94.48727416992188,-3.1890278,769.4629060685352,1000,205,819999
751.1905563004236,1000,3.0249927043914795,94.86338,94.86135,-95.32412719726562,-3.9130387,770.7639463290942,1000,206,823999
772.9134567498121,1000,5.203412055969238,93.25381,93.01165,-94.54409790039062,-2.9035165,764.0651625691766,1000,207,827999
768.2737688525574,1000,2.3536009788513184,95.55207,95.76744,-96.55748748779297,-3.466182,767.3846109240307,1000,208,831999
772.7713201407822,1000,3.6776342391967773,95.08012,95.229454,-95.87400817871094,-3.1064405,769.7969090320005,1000,209,835999
771.0257811060584,1000,3.7481184005737305,97.05644,96.9031,-97.74398040771484,-3.8741324,760.9863167966704,1000,210,839999
766.3356593569822,1000,4.022182941436768,93.51695,93.57637,-94.8282241821289,-2.5457067,779.6658629490553,1000,211,843999
777.7118909756239,1000,5.197806358337402,93.086716,93.27859,-94.56153106689453,-2.8662014,765.7320433491341,1000,212,847999
773.9201669279062,1000,11.562597274780273,94.221214,94.42529,-95.51214599609375,-3.61117,764.4117109024639,1000,213,851999
764.6503932440207,1000,2.5348596572875977,96.58799,96.81271,-97.26638793945312,-3.4532578,769.6136773650474,1000,214,855999
772.0953826186314,1000,7.046097755432129,94.76726,94.73442,-95.31306457519531,-2.5834372,764.2478033998837,1000,215,859999
763.9856864282192,1000,5.138012409210205,94.95989,94.79513,-95.67058563232422,-3.540912,764.0706611218894,1000,216,863999
772.263626293761,1000,6.485328197479248,93.004974,92.911026,-93.99365234375,-3.0846293,758.9626490052757,1000,217,867999
775.7014560122074,1000,1.9317525625228882,96.1391,96.430374,-97.10833740234375,-3.2889297,765.1862829984962,1000,218,871999
762.7637722350476,1000,3.2279181480407715,96.797356,96.69197,-97.80208587646484,-3.7127652,771.9818298801939,1000,219,875999
765.3779617124458,1000,5.240445613861084,94.90928,94.76536,-95.26006317138672,-2.928727,764.5052449447104,1000,220,879999
775.5947077903762,1000,2.846688747406006,95.424515,95.14053,-96.31349182128906,-3.5204597,761.8589825862213,1000,221,883999
770.4360974939902,1000,2.5129528045654297,94.94838,95.24731,-96.36196899414062,-3.507742,771.6258585755412,1000,222,887999
769.0885271262894,1000,2.9450197219848633,95.15889,94.91098,-95.69437408447266,-2.9784646,770.8333842240285,1000,223,891999
766.3949122111807,1000,4.448284149169922,95.897125,95.708435,-96.37894439697266,-3.2114913,763.5377273834514,1000,224,895999
767.5408185487539,1000,4.517085075378418,95.77664,95.901886,-96.69829559326172,-3.0727026,775.5838819874565,1000,225,899999
775.7657070494955,1000,2.3411917686462402,95.86227,95.729416,-96.62333679199219,-3.7537606,775.2446330028091,1000,226,903999
776.9262160230654,1000,2.4428296089172363,94.7689,94.73786,-96.310302734375,-3.3454962,768.3254581405978,1000,227,907999
773.8839318437757,1000,2.2569169998168945,95.915344,95.894775,-96.96652221679688,-3.3460357,769.8369088519947,1000,228,911999
761.9000100942231,1000,4.197922706604004,94.03724,94.11376,-95.25271606445312,-3.2011075,779.2942643002303,1000,229,915999
771.3215675924472,1000,4.915142059326172,96.11052,96.086784,-97.2485122680664,-3.1528113,764.2998137548121,1000,230,919999
774.1279604607976,1000,2.441342830657959,94.15341,94.32924,-95.66404724121094,-3.0610385,778.0705213373914,1000,231,923999
776.4158357283044,1000,3.8911819458007812,96.91424,97.074684,-97.85002899169922,-3.242169,772.4439216056797,1000,232,927999
763.98218506757,1000,2.577754497528076,96.09825,95.91152,-97.00454711914062,-3.6235888,773.680756655174,1000,233,931999
776.0745362165914,1000,3.2702488899230957,96.57736,96.52908,-97.268310546875,-4.0607896,772.1085403686637,1000,234,935999
764.3811670096045,1000,5.017366409301758,93.22109,93.74294,-94.53722381591797,-3.1166074,769.2638063137119,1000,235,939999
761.9827506887825,1000,7.100829124450684,96.15594,95.97227,-97.06319427490234,-3.962923,764.5882727807244,1000,236,943999
776.6479240458823,1000,4.29636287689209,96.45853,96.398186,-97.24681091308594,-3.4109123,776.6749064378873,1000,237,947999
777.4934245474215,1000,2.4097323417663574,95.69974,95.627594,-96.48336029052734,-3.0561743,778.9141425294744,1000,238,951999
772.8761596129353,1000,4.020612716674805,95.195564,95.317825,-96.28816223144531,-3.3926842,776.128057793328,1000,239,955999
785.4117425182728,1000,4.3250322341918945,94.12099,94.22451,-95.55497741699219,-3.340669,771.0559210706072,1000,240,959999
778.0164965380084,1000,5.80355167388916,95.467384,95.50506,-96.45704650878906,-3.2597456,765.5740896187598,1000,241,963999
776.5641932567737,1000,9.905818939208984,94.2492,94.11254,-95.07611083984375,-3.8126893,773.9633461552272,1000,242,967999
770.098295523049,1000,5.981950283050537,97.02461,97.102325,-97.8362808227539,-4.0794697,780.0199262175319,1000,243,971999
773.0427542680641,1000,5.721574306488037,93.543816,93.619354,-94.49864959716797,-3.3668242,769.8640423818949,1000,244,975999
779.2247424853649,1000,5.651381015777588,96.25617,96.28408,-96.91020965576172,-3.511076,774.1460985323332,1000,245,979999
739.2171511346944,1000,2.280681610107422,95.81571,96.075165,-97.09452819824219,-2.8343995,776.4843058918148,1000,246,983999
780.4546864194657,1000,4.623754501342773,92.22991,92.19528,-93.26040649414062,-3.108081,776.8258176016401,1000,247,987999
778.3709446016047,1000,3.776914119720459,95.44434,95.743866,-96.72747802734375,-3.741918,772.0863467649973,1000,248,991999
780.494450731018,1000,5.108938217163086,93.81602,93.63622,-94.79157257080078,-3.2669659,782.8939300961597,1000,249,995999
768.1421146442107,1000,4.441953659057617,96.52803,96.535194,-97.1631851196289,-3.148383,776.5484298774032,1000,250,999999
